{"recall":[0.5241006683,0.5297626939,0.5212895862,0.5198753652,0.5152230945,0.5167090196,0.5146562491,0.5136252209,0.5134467727
],"f_measure":[0.4371182923,0.3552513141,0.260537593,0.1810198211,0.134794982,0.0761229521,0.0528465601,0.0368706672,0.019595157
],"precision":[0.3748982913,0.2672239405,0.1736679195,0.1095893307,0.0775407739,0.0410880788,0.027853314,0.0191216593,0.0099881726
]}
