{
	"recall": [
		0.9245364272,
		0.6051428193,
		0.805128285,
		0.7994339713
	],
	"f_measure": [
		0.1684334402,
		0.1118745574,
		0.2211997089,
		0.2999022005
	],
	"precision": [
		0.092656908,
		0.092656908,
		0.061634561,
		0.128212276
	]
}
