{"recall":[0.0926722003712271],"f_measure":[0.16845870691545214],"precision":[0.9245364271962712]}
